{
  "seed": 395,
  "device": "cpu",
  "mode": "full",
  "timestamp": "2026-03-13 18:23:18",
  "vanderpol": {
    "dt": 0.1,
    "time_horizon": [
      0.0,
      20.0
    ],
    "noise_std": 0.1,
    "capacity_metrics": {
      "base_2x32": {
        "z_rmse": 0.0532559424285753,
        "z_mae": 0.03458628411443473,
        "train_seconds": 0.43452978134155273
      },
      "deep_6x32": {
        "z_rmse": 0.8946332760071504,
        "z_mae": 0.5296025354101896,
        "train_seconds": 0.9069278240203857
      },
      "wide_2x128": {
        "z_rmse": 0.1038279187921066,
        "z_mae": 0.07417788012818531,
        "train_seconds": 0.5885732173919678
      }
    },
    "model_metrics": {
      "baseline_mlp": {
        "z_rmse": 0.0532559424285753,
        "v_rmse": 0.23917492338161347,
        "train_seconds": 0.43452978134155273
      },
      "neural_ode": {
        "z_rmse": 0.10123141356293017,
        "v_rmse": 0.30501866654639487,
        "train_seconds": 23.54562520980835
      }
    }
  },
  "pendulum": {
    "dt": 0.02506265664160401,
    "num_steps": 400,
    "num_trajectories": 80,
    "noise_std": 0.02,
    "split": {
      "train": 56,
      "val": 12,
      "test": 12
    },
    "model_metrics": {
      "baseline_mlp": {
        "theta_rmse": 0.6350792271951906,
        "omega_rmse": 1.9293555528429804,
        "theta_mae": 0.4694153421281849,
        "omega_mae": 1.4009648148919662,
        "train_seconds": 1.812269687652588
      },
      "neural_ode": {
        "theta_rmse": 0.38188692486274317,
        "omega_rmse": 1.153379950086124,
        "theta_mae": 0.3109506067854576,
        "omega_mae": 0.943794934660135,
        "train_seconds": 40.33041501045227
      },
      "structured_lnn": {
        "theta_rmse": 0.006651015141508655,
        "omega_rmse": 0.020381266042012486,
        "theta_mae": 0.004647813198721019,
        "omega_mae": 0.014404544383189766,
        "train_seconds": 9.336086988449097
      }
    },
    "best_val_lnn_mse": 7.184858259279281e-05
  }
}