{
  "seed": 395,
  "device": "cpu",
  "mode": "quick",
  "timestamp": "2026-03-13 18:19:33",
  "vanderpol": {
    "dt": 0.1,
    "time_horizon": [
      0.0,
      20.0
    ],
    "noise_std": 0.1,
    "capacity_metrics": {
      "base_2x32": {
        "z_rmse": 0.7889314139509879,
        "z_mae": 0.4716406677280559,
        "train_seconds": 0.13238191604614258
      },
      "deep_6x32": {
        "z_rmse": 0.896502841650537,
        "z_mae": 0.5368450650894621,
        "train_seconds": 0.23468279838562012
      },
      "wide_2x128": {
        "z_rmse": 0.9175290357611079,
        "z_mae": 0.5997120594509959,
        "train_seconds": 0.15492796897888184
      }
    },
    "model_metrics": {
      "baseline_mlp": {
        "z_rmse": 0.7889314139509879,
        "v_rmse": 0.8825516103358991,
        "train_seconds": 0.13238191604614258
      },
      "neural_ode": {
        "z_rmse": 1.3940485779181861,
        "v_rmse": 1.428478046447742,
        "train_seconds": 6.044663906097412
      }
    }
  },
  "pendulum": {
    "dt": 0.040160642570281124,
    "num_steps": 250,
    "num_trajectories": 30,
    "noise_std": 0.02,
    "split": {
      "train": 21,
      "val": 4,
      "test": 5
    },
    "model_metrics": {
      "baseline_mlp": {
        "theta_rmse": 0.7041494514564987,
        "omega_rmse": 2.0089681135722826,
        "theta_mae": 0.5763376205128214,
        "omega_mae": 1.719298147200379,
        "train_seconds": 0.21440577507019043
      },
      "neural_ode": {
        "theta_rmse": 0.3898811144502754,
        "omega_rmse": 1.1416688077103605,
        "theta_mae": 0.2654205132581543,
        "omega_mae": 0.7889649463713886,
        "train_seconds": 4.098397970199585
      },
      "structured_lnn": {
        "theta_rmse": 0.02988521663356114,
        "omega_rmse": 0.0908459487915689,
        "theta_mae": 0.0222420344226819,
        "omega_mae": 0.0684665187507858,
        "train_seconds": 1.1827399730682373
      }
    },
    "best_val_lnn_mse": 0.0007594825001433492
  }
}