{
  "seed": 395,
  "device": "cpu",
  "mode": "full",
  "timestamp": "2026-03-13 18:47:29",
  "vanderpol": {
    "dt": 0.1,
    "time_horizon": [
      0.0,
      20.0
    ],
    "noise_std": 0.1,
    "capacity_metrics": {
      "base_2x32": {
        "z_rmse": 0.0532559424285753,
        "z_mae": 0.03458628411443473,
        "train_seconds": 0.41,
        "param_count": 1153
      },
      "deep_6x32": {
        "z_rmse": 0.8946332760071504,
        "z_mae": 0.5296025354101896,
        "train_seconds": 0.86,
        "param_count": 5377
      },
      "wide_2x128": {
        "z_rmse": 0.1038279187921066,
        "z_mae": 0.07417788012818531,
        "train_seconds": 0.58,
        "param_count": 16897
      }
    },
    "model_metrics": {
      "baseline_mlp": {
        "z_rmse": 0.0532559424285753,
        "v_rmse": 0.23917492338161347,
        "train_seconds": 0.41,
        "param_count": 1153
      },
      "neural_ode": {
        "z_rmse": 0.1880598488831768,
        "v_rmse": 0.3825490460359823,
        "z_rmse_rk4": 0.6296193926213216,
        "v_rmse_rk4": 0.8818001623818547,
        "train_seconds": 23.71,
        "param_count": 4482
      }
    }
  },
  "pendulum": {
    "dt": 0.025063,
    "num_steps": 400,
    "num_trajectories": 80,
    "noise_std": 0.02,
    "split": {
      "train": 56,
      "val": 12,
      "test": 12
    },
    "model_metrics": {
      "baseline_mlp": {
        "theta_rmse": 0.49595317667384464,
        "omega_rmse": 1.5110726399574235,
        "theta_mae": 0.36176312465153454,
        "omega_mae": 1.0884454801690462,
        "train_seconds": 2.72,
        "param_count": 4482
      },
      "neural_ode": {
        "theta_rmse": 0.18753170468256386,
        "omega_rmse": 0.4990338503727534,
        "theta_mae": 0.14455853190234605,
        "omega_mae": 0.34656306294968886,
        "train_seconds": 52.84,
        "param_count": 4482,
        "energy_drift_std": 0.552979
      },
      "structured_lnn": {
        "theta_rmse": 0.005617230702692355,
        "omega_rmse": 0.016582148591917572,
        "theta_mae": 0.003775653685814042,
        "omega_mae": 0.011430978872149581,
        "train_seconds": 12.14,
        "param_count": 8513,
        "energy_drift_std": 0.00218
      }
    },
    "best_val_lnn_mse": 0.001197411329485476
  }
}